CustomerId,Active,Name,Address,City,Country,Email
1,true,Jason Orr,Ap #387-8229 Nullam Road,Kilsyth,HN,lacus.Nulla@Classaptenttaciti.ca
2,true,Devin Herman,"P.O. Box 905, 9608 Etiam St.",Portici,HR,Integer.vulputate.risus@est.co.uk
3,true,Kennan Head,Ap #694-3226 Odio St.,Bothey,JO,ligula@porttitortellusnon.org
4,false,Peter Fry,Ap #378-2594 Arcu. Road,Oudegem,LR,eu@Phasellusvitaemauris.com
5,true,Guy Ball,418-8277 Sociis Ave,Charleville-Mézières,TG,vestibulum.Mauris.magna@ipsumdolorsit.com
6,true,Vincent Parsons,381-4840 Tellus Rd.,Henderson,KE,non.arcu.Vivamus@Proin.com
7,true,Cain Schroeder,152-5224 Penatibus Street,Göppingen,ZA,molestie.dapibus.ligula@hendreritDonecporttitor.edu
8,true,Cruz Gill,"P.O. Box 390, 9207 Elit, St.",Morinville,SE,adipiscing@tempor.net
9,true,Travis Dickerson,"156-1262 Orci, Avenue",Korbach,PR,non@ullamcorpereu.edu
10,true,Orlando Stone,Ap #464-7569 Maecenas Road,Tourinnes-Saint-Lambert,NZ,tellus.Phasellus.elit@Sedetlibero.edu
11,false,Edan Wells,409-3473 Class Road,Lille,PA,scelerisque.dui@necligulaconsectetuer.edu
12,true,Kennan Arnold,Ap #489-3585 Neque. Avenue,Santa Cesarea Terme,LB,rutrum@Nuncsedorci.ca
13,true,Palmer Ashley,957-9279 Nibh. Rd.,Antibes,CL,nascetur.ridiculus.mus@lacusvarius.edu
14,true,Jasper Miller,5503 Sociis St.,Brighton,GN,scelerisque@nonante.org
15,true,Alden Hawkins,495-3516 Natoque Rd.,Buckingham,GP,molestie@euismod.edu
16,true,Talon Blake,"P.O. Box 750, 2207 Odio. St.",Cardedu,FR,commodo.at.libero@ametdiameu.co.uk
17,true,Demetrius Cardenas,"P.O. Box 536, 9647 Iaculis Street",Kulti-Barakar,KI,elit.pellentesque@Nuncmauris.com
18,true,Kieran Guerrero,9763 Mi Avenue,Kirkland,NE,Morbi.quis@Ut.org
19,true,Zachery Kerr,Ap #542-3322 Sit Street,Kufstein,AM,elit.elit.fermentum@et.co.uk
20,true,Keith Pittman,5853 Dictum St.,Caldera,AF,fringilla.mi.lacinia@risus.org
21,true,Mohammad Kane,7982 Velit St.,Raigarh,UY,id.libero@dis.ca
22,true,Cameron Sexton,852 Velit. St.,Kaluga,VC,ultrices@egestaslaciniaSed.org
23,true,Hayes Pitts,"4033 Vel, Av.",Kayseri,BE,sagittis@egestasAliquamnec.ca
24,true,Todd Camacho,Ap #586-281 Augue St.,Worcester,GB,urna.convallis.erat@orciPhasellusdapibus.co.uk
25,true,Seth Hancock,700-5684 Ligula. Rd.,Ipatinga,TG,a.scelerisque.sed@Suspendissedui.co.uk
26,true,Blaze Obrien,843-6181 Ut Rd.,Cannes,PG,cursus.purus.Nullam@lectusjustoeu.com
27,true,Levi Nolan,Ap #461-6178 Sit St.,Mosquera,KP,eget@metus.co.uk
28,true,August Perez,"P.O. Box 985, 6324 Nec Avenue",Amstelveen,CA,malesuada@temporaugue.ca
29,true,Melvin Lambert,7217 Mauris Rd.,Mardan,LC,in.dolor.Fusce@loremipsumsodales.ca
30,true,Griffith Avila,630-619 Ut Ave,Onega,GW,euismod.mauris@Nuncsollicitudincommodo.com
31,true,Martin Weiss,2770 Consectetuer Rd.,Norfolk County,UZ,consectetuer@ultrices.co.uk
32,true,Coby Shannon,408-8848 Metus Ave,Bekasi,MR,eu@risus.edu
33,true,Solomon Benson,212-8158 Orci Avenue,Kelso,BZ,lobortis@quamPellentesque.org
34,true,Lev Morales,Ap #142-4287 Commodo St.,San Vicente de Cañete,KM,pede.Praesent@Aliquam.edu
35,true,Jameson Glover,Ap #902-4533 Varius Ave,Belgaum,MP,enim@Nuncmauris.ca
36,false,Eric Dillard,"208-4454 A, St.",Sprimont,PW,libero.Integer@congueturpisIn.co.uk
37,true,Trevor Ewing,4280 Aliquam Av.,Den Helder,TC,In.lorem@metusvitae.org
38,true,Mark Lucas,8222 Nunc Avenue,Nieuwkapelle,RS,augue.ac@mi.edu
39,true,Jerome Tyson,675-8472 Lectus Av.,Tolve,MW,elit.pharetra@luctusaliquet.co.uk
40,true,Hayden Mccormick,Ap #399-9248 Nascetur Rd.,Heist-aan-Zee,CA,Phasellus@faucibusutnulla.co.uk
41,true,Malik Wyatt,"955-8279 Lorem, Avenue",Mocoa,CL,Donec.elementum.lorem@eutemporerat.co.uk
42,true,Nathan Richards,Ap #601-2620 Dui. Ave,Bostaniçi,BZ,elit.Etiam.laoreet@aenimSuspendisse.org
43,true,Harper Fernandez,Ap #474-6202 Duis St.,Aurora,TG,non.egestas@necleo.com
44,true,Vladimir Parks,Ap #620-6887 Sodales Ave,Casper,ML,Phasellus@auctornon.co.uk
45,true,Peter Hubbard,Ap #187-7047 Nulla Avenue,Schore,BO,eu.sem.Pellentesque@enimnonnisi.ca
46,true,Kelly Lott,5786 Nonummy. Street,Akşehir,SO,cubilia.Curae@Suspendisse.org
47,true,Jelani Mccormick,"4824 Eget, Avenue",Skövde,TN,ac.mattis.velit@nuncrisusvarius.edu
48,true,Adam Dixon,4087 In Rd.,Tomé,RE,non@molestiedapibus.com
49,true,Michael Lang,Ap #331-1530 Mollis Avenue,Lestizza,HK,purus.in.molestie@nonarcuVivamus.net
50,true,Jeremy Rowland,Ap #460-7651 Donec St.,San Rafael,CA,Phasellus.dolor@mipede.edu
51,true,Salvador Gregory,Ap #636-5529 Nec Avenue,Mold,HT,augue.eu@ullamcorper.com
52,true,Nero Ferguson,"P.O. Box 288, 2196 Ac Road",Berceto,PA,nec@elitAliquamauctor.ca
53,true,Jesse Lindsey,"P.O. Box 644, 2791 Tellus. St.",Peterborough,EH,euismod@Maecenasmalesuadafringilla.com
54,true,Myles Spence,"P.O. Box 530, 5607 Orci Rd.",Rochester,SB,et.tristique@ante.edu
55,true,Price Buchanan,"P.O. Box 387, 9376 Aliquam Rd.",Barra do Corda,ET,Donec.egestas@aliquamiaculis.edu
56,true,Otto Beck,Ap #923-2316 Euismod Street,Landenne,AT,neque.vitae@consectetueripsum.com
57,true,Ferris Stewart,"Ap #285-2076 Sed, Ave",Montefalcone nel Sannio,CD,iaculis.lacus.pede@acarcu.co.uk
58,true,Arthur Hinton,Ap #143-6767 Urna Rd.,Castres,EE,mi.tempor.lorem@nulla.co.uk
59,true,Wing Dodson,292-2737 Cras Av.,Torquay,DO,mollis.dui.in@eulacusQuisque.co.uk
60,true,Aristotle Gross,"P.O. Box 648, 8380 Euismod Ave",Berbroek,SK,ultrices.iaculis@Mauris.co.uk
61,true,Kato Price,9302 Elit. Rd.,Tournefeuille,AU,convallis@telluslorem.ca
62,true,Lee Landry,Ap #305-3212 Enim. Rd.,Falkensee,AS,eu@acfermentumvel.com
63,true,Daniel Mays,483-6297 Mauris Road,Lauro de Freitas,TC,eleifend.egestas.Sed@nuncsed.org
64,true,Preston Salazar,Ap #795-7395 Odio St.,Tübingen,GP,amet.dapibus@Duisac.com
65,true,Callum Leach,Ap #725-1664 Sit Rd.,Drayton Valley,IT,purus@facilisis.edu
66,true,Driscoll Mcgee,"7769 Et, Ave",West Vancouver,AI,natoque.penatibus@orcisemeget.ca
67,true,Melvin Hurst,930-2451 Dui. Av.,Austin,GM,Cum@tempus.edu
68,true,Kasper Morse,779-6935 Ipsum. Road,Campinas,GF,magna.malesuada.vel@sem.edu
69,true,Phillip Charles,"P.O. Box 130, 3913 Enim. St.",Marbella,CZ,elit@tortordictumeu.ca
70,true,Kieran Perez,3412 A Av.,Timaru,TW,amet.consectetuer@etultricesposuere.net
71,true,Nicholas Craig,8638 Condimentum. Street,Zwettl-Niederösterreich,PG,dictum.mi@velitjustonec.edu
72,true,Axel Carson,108-6743 Nonummy Rd.,Sant'Egidio alla Vibrata,NZ,a.feugiat.tellus@justo.org
73,true,Samson Lawson,Ap #447-7880 Nam Rd.,Quenast,LY,ligula@felisadipiscing.ca
74,true,Lance Luna,Ap #506-2439 Est. Rd.,Lisieux,TN,porttitor@libero.edu
75,true,Quamar Richmond,1234 Nec Avenue,Worcester,AU,magnis@pede.com
76,true,Hiram Cook,178-9267 Tempus St.,Sirsa,UY,lectus@metusAliquam.ca
77,true,Hilel Dodson,5418 Cras Street,Serik,ES,malesuada@lectuspedeultrices.co.uk
78,true,Jerry Gallegos,7451 Consectetuer St.,Gießen,TG,laoreet@rhoncusid.ca
79,true,Keefe York,"P.O. Box 760, 6203 Dolor Road",Grangemouth,US,semper.dui.lectus@augueeu.ca
80,true,Emmanuel Fernandez,"4655 A, Av.",Meerle,SI,Donec.vitae@sitamet.com
81,true,Chancellor Bradford,911-7997 Molestie Rd.,Vandoeuvre-lès-Nancy,MY,cursus@CrasinterdumNunc.ca
82,true,Lars Rowe,"Ap #407-3563 Ullamcorper, Road",Roccasicura,GA,metus@Maurisnondui.ca
83,true,Nathaniel Strong,"P.O. Box 655, 6461 Ultrices Street",Lago Ranco,HN,mollis@faucibusorciluctus.com
84,true,Matthew Yates,211 Egestas Ave,Cañete,LK,gravida@convallisantelectus.net
85,true,Declan Blackburn,"P.O. Box 298, 1678 Eros. Rd.",Kisi,SD,convallis.convallis@duilectusrutrum.edu
86,true,Hasad Pittman,Ap #415-6689 Fames Road,Castelvecchio Calvisio,PT,eu@libero.ca
87,true,Tate Dickson,937-3242 Vitae Av.,Moxhe,SA,lacus@faucibusMorbivehicula.org
88,true,Beck Wiggins,"596-276 Placerat, St.",Jacobabad,BB,Maecenas.ornare.egestas@odio.net
89,true,Brendan Reed,597-4566 Nulla. Street,Snellegem,DJ,lacus.Cras.interdum@ante.com
90,true,Xanthus Brewer,"P.O. Box 685, 1599 Phasellus Rd.",Talca,SZ,nostra@Nullamnisl.ca
91,true,Robert Lewis,3472 Dolor St.,Meux,LC,ullamcorper.magna@loremDonecelementum.org
92,true,Orson Tyson,"P.O. Box 306, 2999 Nunc St.",Bhavnagar,SB,adipiscing.elit@tempordiamdictum.co.uk
93,true,Jin Henry,6991 Mi St.,Saint-Herblain,AG,augue.malesuada@magnis.edu
94,true,Theodore Rowland,3724 Fringilla Rd.,Gignod,MD,Nunc@molestieorcitincidunt.edu
95,true,Lance Mcpherson,162-6784 At Av.,North Cowichan,CH,dui.Cras.pellentesque@arcuVestibulum.org
96,true,Nathaniel Goff,"P.O. Box 648, 4700 Ut Ave",Norfolk,DZ,ut.molestie@lobortis.co.uk
97,true,Caleb Rowland,479-1881 Congue Street,Oromocto,BE,Fusce.dolor@orcilacus.co.uk
98,true,Chaim Burke,"P.O. Box 724, 719 Quis St.",Gladstone,SH,Morbi.metus.Vivamus@fringillaDonec.com
99,true,Andrew Mcgee,"P.O. Box 736, 206 Odio. Rd.",Butte,LC,lorem.vitae@nislNullaeu.com
100,true,Drew Keith,856 Metus Rd.,Hattiesburg,IM,non.leo@magna.com
101,true,Clinton Roberts,818-3086 Erat. Av.,Fabro,SL,nunc.id@lobortisaugue.com
102,true,Clinton Rivers,7024 Curabitur Rd.,Mocoa,AL,Sed.molestie@utcursusluctus.edu
103,true,Malachi Phillips,Ap #568-7555 Eu St.,Neuss,ES,orci.Phasellus.dapibus@ligulaAeneaneuismod.com
104,true,Lyle Valenzuela,Ap #824-9072 Facilisis Rd.,Barnstaple,AI,fermentum@vel.com
105,true,Garth Russell,896-5716 Quam Av.,Bettiah,FJ,fermentum.convallis@diam.ca
106,true,Paul Kent,"P.O. Box 365, 6947 Facilisis Rd.",Maasmechelen,VC,enim.consequat@eratnonummyultricies.edu
107,true,Jerry Hester,2129 Suspendisse Street,Santa Mar a,CN,ultrices@ridiculusmus.com
108,true,Donovan Figueroa,"P.O. Box 118, 9257 Sem Rd.",Woodlands County,PW,lobortis.augue@euaccumsan.ca
109,true,Slade Burton,"P.O. Box 376, 1004 Nec St.",Iqaluit,SE,in.tempus.eu@estMauriseu.co.uk
110,true,Emerson English,"Ap #516-2127 Et, Av.",Nankana Sahib,BA,non@malesuadafringilla.ca
111,true,Aladdin Vega,1658 Egestas Ave,Fresno,LC,non.massa@euismod.com
112,true,Bruno Cardenas,Ap #228-9223 Luctus Street,Penrith,US,urna@diamProin.com
113,true,Hu Simpson,"P.O. Box 226, 9624 Vestibulum Street",Kemzeke,UA,ac.arcu.Nunc@loremvitaeodio.ca
114,true,Luke Hardy,"P.O. Box 847, 2296 Dui. Ave",Bekegem,BG,pede.ac.urna@pedesagittis.edu
115,true,Colorado Lyons,739-360 Facilisis St.,Buggenhout,BJ,Donec.est@penatibuset.ca
116,true,Chandler Perkins,247-5131 Lectus St.,Pincher Creek,GE,in.magna.Phasellus@lobortismauris.ca
117,true,August Ramirez,7560 Aliquet Road,Pessac,VC,Etiam@dui.edu
118,true,Cruz Valencia,1508 Risus. Ave,Victoria,DM,in@eratvolutpatNulla.ca
119,true,Stewart Cain,Ap #197-8040 Arcu. Rd.,Maria,AZ,eros.Nam.consequat@ornareliberoat.net
120,true,Gil Frye,1014 Sed Rd.,Genappe,MW,scelerisque@erategettincidunt.edu
121,true,Perry Ochoa,647-6031 Duis Ave,Chennai,MS,Nullam.enim.Sed@leoVivamus.org
122,true,Chancellor Barry,"P.O. Box 120, 6896 Dolor. St.",Norrk ping,AM,cursus@nullaInteger.org
123,true,Michael Harrington,573-9715 Morbi Avenue,Edmundston,DJ,In.at@Curabiturutodio.edu
124,true,Hilel Sparks,2995 Aliquam St.,Gavorrano,EH,metus.In@gravidamolestie.ca
125,true,Vladimir Hopper,"P.O. Box 302, 1541 Risus Av.",Bursa,TW,ullamcorper@vel.co.uk
126,true,Aidan Bowers,"P.O. Box 750, 4740 Pellentesque Ave",R ves,AI,sed.leo@lobortis.com
127,true,Omar Munoz,635-3929 Dignissim Ave,Bonnert,UA,risus@anteiaculisnec.com
128,true,Warren Mcgee,780-4432 Dui. Rd.,R o Bueno,AI,laoreet.ipsum@Vivamusrhoncus.ca
129,true,Rooney Knowles,"805-395 Dui, Rd.",Gistel,GY,natoque@semperdui.org
130,true,Armand Mcdowell,Ap #598-295 Tellus Road,Fuenlabrada,CN,Mauris.quis@urnasuscipitnonummy.edu
131,true,Neville Ferguson,"844-9510 Sem, Rd.",Sibi,WF,aptent@Donec.com
132,true,Reese Macdonald,"P.O. Box 166, 4854 Conubia Av.",Sloten,AZ,Etiam.gravida.molestie@enim.ca
133,true,Orlando Pickett,"Ap #379-7163 Egestas, Road",San Francisco,SY,volutpat@molestietellus.org
134,true,Rooney Anderson,Ap #804-9612 Feugiat. Street,Kitchener,KY,enim.Nunc@etultricesposuere.org
135,true,Flynn Blevins,"P.O. Box 373, 9123 Consequat St.",Khammam,NO,Pellentesque.tincidunt@sitamet.ca
136,true,Baxter Bray,Ap #561-9997 Magna. Ave,La Matap dia,ST,non.lobortis@necante.edu
137,true,Reuben Alford,7428 Vitae St.,Kasur,JE,interdum.Nunc@Curabitur.edu
138,true,Dante Mcneil,119-9495 Vitae Av.,Karachi,DJ,gravida.sagittis.Duis@velarcuCurabitur.ca
139,true,Josiah Mayer,466-9528 Malesuada Street,Aosta,BY,tristique.ac.eleifend@ridiculusmusDonec.ca
140,true,Branden Mullen,718 Diam Rd.,Trento,PH,Duis@enimdiam.ca
141,true,Jesse Franks,Ap #192-2636 Nibh Rd.,Allentown,VI,ullamcorper@quamPellentesquehabitant.edu
142,true,Dante Pruitt,Ap #453-9480 Nunc Road,Banjar,TD,vestibulum.neque.sed@egetlaoreetposuere.edu
143,true,Galvin Hodges,"P.O. Box 285, 8041 Diam Avenue",Phoenix,GT,Ut.nec@diam.com
144,true,Brendan Herring,"P.O. Box 109, 771 Nulla St.",Tarcento,CV,cursus.Nunc@velitSed.co.uk
145,true,Camden House,Ap #711-4534 Semper Street,Cles,AG,non.enim.Mauris@arcuSedet.co.uk
146,true,Cameron Figueroa,Ap #280-2565 Adipiscing. Rd.,Blackwood,KH,massa.rutrum.magna@nasceturridiculusmus.com
147,true,Addison Mendoza,979-7074 Ac Road,Grezzana,LT,adipiscing.Mauris.molestie@interdum.edu
148,true,Fuller Gilbert,629-5825 Mollis Av.,Oordegem,KM,nibh@arcuVestibulumante.co.uk
149,true,Daniel Bridges,8020 Eros Rd.,Rajkot,UZ,Donec@neccursus.com
150,true,Grant Burgess,2331 Semper Road,Stratford-upon-Avon,BF,ultricies@perconubia.edu
151,true,Joel Moss,"P.O. Box 115, 5701 Orci Av.",Subiaco,UY,Aenean.massa.Integer@pede.net
152,true,Cooper Rowland,291-6984 Enim Street,Pettoranello del Molise,UA,non@bibendumullamcorper.org
153,true,Peter Conley,"P.O. Box 230, 5724 Elementum Ave",Ollag e,GQ,urna.et@temporbibendum.net
154,true,Nigel Case,4341 Faucibus Street,Baasrode,CL,nec.mollis@euenim.org
155,true,Ivor Frost,"P.O. Box 466, 3100 Purus Road",Cama ari,GQ,parturient@diam.co.uk
156,true,Brandon Gomez,315 Ipsum. St.,Bourges,DZ,lectus.pede.et@liberomauris.ca
157,true,Ali Wilkerson,608-1671 Ultricies St.,Pirmasens,SN,elit@perinceptoshymenaeos.org
158,true,Marshall Hunt,Ap #572-2894 Est. St.,Seosan,JO,nonummy@Integer.org
159,true,Griffith Christian,494-5293 Phasellus Rd.,Gravilias,ST,facilisis.lorem@orcilacus.edu
160,true,Arden Watson,247-8871 Habitant Ave,Lansing,NC,magna@magna.ca
161,true,Noble Hayes,Ap #645-5301 Enim Av.,Tsiigehtchic,UG,neque.Nullam.ut@nonleo.net
162,true,Allen Doyle,9425 Massa. Av.,Chestermere,BE,consequat.purus.Maecenas@duinec.org
163,true,Darius Bradshaw,Ap #594-4359 Ullamcorper Avenue,Putaendo,ET,tellus.Suspendisse@diamluctuslobortis.org
164,true,Dale Saunders,373-7223 Integer Street,Coimbatore,LV,Cum@eratVivamus.edu
165,true,Caleb Booker,Ap #684-2283 Nibh Avenue,Petr polis,MA,libero.at.auctor@utpharetra.net
166,true,Ishmael Torres,8947 Pulvinar Avenue,Pietraroja,DE,tristique.pellentesque.tellus@fringillapurusmauris.co.uk
167,true,Gavin Davis,801-8119 Egestas Avenue,Soacha,GQ,In.tincidunt@primisinfaucibus.co.uk
168,true,Ulysses Mack,7531 Pede St.,Salem,TD,auctor.vitae.aliquet@dapibus.edu
169,true,Bert Delgado,"933-3179 Aliquet, Street",Birmingham,BG,ut.nulla.Cras@Quisque.net
170,true,Leroy House,860-9152 Fringilla Ave,Paranagu ,YE,ut@at.com
171,true,Hunter Hebert,"4949 Elementum, Rd.",Kamyzyak,UY,suscipit.est@nibhDonec.ca
172,true,Rudyard Gay,"765-9113 Nec, Ave",Sombreffe,LY,vestibulum@Donec.ca
173,true,Fitzgerald Vargas,"P.O. Box 240, 890 Mus. Rd.",Rijkevorsel,GM,dolor@porttitorinterdum.org
174,true,Vladimir Cain,"P.O. Box 846, 9953 Arcu. St.",Halkirk,ZA,risus.Donec@cursusnonegestas.net
175,true,Uriah Hartman,799-9462 Adipiscing St.,Patos,DK,Nunc@dui.co.uk
176,true,Flynn Briggs,Ap #558-8874 Consequat Street,Oldenburg,GF,Donec.vitae.erat@commodoipsumSuspendisse.org
177,true,Lyle Dunn,4725 Ipsum St.,Kelkheim,MW,sed.libero.Proin@auctorvelit.org
178,true,Gregory Vaughan,"P.O. Box 266, 2594 Adipiscing Road",Surendranagar,KM,lectus@Suspendissenon.net
179,true,Ryder Tyson,777-5951 Tellus Rd.,Roselies,LK,penatibus.et@Mauriseu.edu
180,true,Stewart Emerson,"Ap #116-5724 Semper, Av.",Omaha,ES,libero@magna.net
181,true,Peter Diaz,"P.O. Box 106, 4777 Tincidunt Avenue",Camrose,MX,diam.luctus@interdum.com
182,true,Davis Blackburn,590-1858 Nunc. St.,Sluis,TH,Donec.nibh@aliquetodioEtiam.org
183,true,Neville Ortega,Ap #404-8260 Vel Street,Columbus,NE,magna.Duis@Maecenasornareegestas.co.uk
184,true,Sylvester Gonzalez,"Ap #357-9261 Dolor, Rd.",Montaldo Bormida,BS,mi.lacinia@ultrices.edu
185,true,Sawyer Harrington,Ap #914-4829 Proin St.,New Quay,MV,ac.arcu@eget.ca
186,true,Elijah Jacobson,"9166 Non, Av.",C rdoba,MW,amet@eteuismod.ca
187,true,Emmanuel Sosa,605-6619 Duis Rd.,Skardu,CN,nisl@Pellentesquehabitant.com
188,true,Gary Ruiz,213-5212 Nulla. Road,Armungia,FM,Lorem.ipsum@Nuncullamcorper.net
189,false,Harper Raymond,"P.O. Box 171, 8108 Consectetuer Road",Pietragalla,MO,vitae.dolor@placerataugueSed.co.uk
190,true,Scott Estrada,438-564 Dis St.,Feira de Santana,GH,dapibus.quam@ut.net
191,true,Lester Mccarthy,Ap #307-8891 Vivamus Rd.,Barrie,MC,Morbi.vehicula.Pellentesque@dolor.com
192,true,Chandler Tyson,854-5205 Ut Road,Arequipa,IQ,odio@nullaanteiaculis.edu
193,true,Neil Pruitt,"7927 Eu, St.",Termeno sulla strada del vino/Tramin an der Weinstrasse,ID,justo.nec.ante@ornare.org
194,true,Thor Munoz,"P.O. Box 628, 1777 Sed St.",Swan Hills,MY,massa.Mauris@tempor.org
195,true,Geoffrey Conley,8475 Sed Ave,Sfruz,SH,a.scelerisque@liberoet.edu
196,true,Cade Preston,"P.O. Box 672, 3707 Velit. Av.",Uitbergen,CF,arcu@disparturient.edu
197,true,Chandler Randolph,373-5053 Arcu. Rd.,Spruce Grove,CN,Cras@sollicitudinadipiscingligula.com
198,true,Coby Mays,"P.O. Box 578, 6875 Ut Av.",Adoni,BA,tortor.dictum.eu@Sedmalesuadaaugue.org
199,true,Kennan Graves,"P.O. Box 174, 5423 Sem St.",M dling,GH,nibh.enim.gravida@utsem.org
200,true,Declan Harmon,987-8351 Netus Avenue,Sint-Denijs,TD,vestibulum@Vivamusnon.ca
201,true,Lucian Webster,Ap #291-8523 Magna Rd.,Vieste,NO,sit@Donectempus.edu
202,true,Cadman Weeks,622-419 Et Rd.,Karachev,VG,in@Pellentesquehabitantmorbi.ca
203,true,Ferris Hardy,"509 At, St.",Westmalle,YE,tortor@PhasellusornareFusce.co.uk
204,true,Vernon Clayton,"Ap #444-4944 Quis, Avenue",Ruthin,NA,sed@perinceptoshymenaeos.edu
205,true,Melvin Harper,"P.O. Box 153, 9427 Euismod St.",College,MQ,penatibus@rutrum.org
206,true,Joseph Clayton,752-7301 Mauris. Road,Friedrichsdorf,FJ,primis.in@Phasellusdapibus.org
207,true,Caesar Gibson,"P.O. Box 673, 5294 Aliquet, Rd.",Oldenburg,MA,nisi@fringilla.com
208,true,Avram Hughes,"P.O. Box 233, 3816 Erat Rd.",Stene,TH,Proin.dolor.Nulla@dignissimlacusAliquam.co.uk
209,true,Hiram Dunlap,Ap #484-4879 Sem. Rd.,Moncrivello,KW,tincidunt@nulla.org
210,true,Guy Compton,255-7312 Tellus Street,Sorbo Serpico,JE,est@maurisblandit.org
211,true,Ignatius Moses,"Ap #860-3633 Elit, Rd.",Valkenburg aan de Geul,HK,a@quistristiqueac.com
212,true,Leonard Lindsey,"P.O. Box 464, 5649 Non, Av.",Balfour,IE,Integer.mollis@rhoncusProinnisl.org
213,true,Evan Kline,"P.O. Box 635, 1640 Montes, Rd.",Grand-Hallet,MQ,sit.amet.ornare@dictumsapien.org
214,true,Hector Shannon,581-4492 Arcu Rd.,Oudergem,PA,euismod.mauris.eu@nostra.net
215,true,Asher Mooney,8575 Eu Street,Monte San Pietrangeli,AT,amet.consectetuer.adipiscing@laciniaorci.edu
216,true,Zane Berry,"P.O. Box 621, 8321 Leo. Avenue",Abergavenny,UG,et.risus.Quisque@arcuVivamus.ca
217,true,Ferdinand Hubbard,147-8580 Fringilla Av.,Retford,AL,diam.Duis@auctorullamcorpernisl.net
218,true,Brady Cannon,282-4083 In St.,Dunkerque,CY,mattis@feugiatLoremipsum.co.uk
219,true,Samuel Harding,"943-2795 Vulputate, St.",Fortaleza,KG,eget.mollis.lectus@mipede.ca
220,true,Tyrone Oneill,243-1058 Et Street,St. John's,EG,vitae.sodales@acsemut.com
221,true,Plato Garcia,389 Feugiat Avenue,Pointe-du-Lac,SI,vehicula.risus.Nulla@Etiamvestibulummassa.edu
222,true,Amos Herrera,3941 Mi Rd.,Franeker,TW,nisi@euultricessit.net
223,true,Lawrence Good,3251 Volutpat Rd.,Oostkerke,ZW,auctor.vitae@in.ca
224,true,Jeremy Obrien,830 Arcu St.,Vaux-lez-Rosieres,AF,Mauris.magna@commodo.edu
225,true,Callum Payne,7107 Pede. Ave,Bad V slau,ZW,ligula.eu.enim@magnaLoremipsum.ca
226,true,Randall Valentine,1078 Ut Avenue,Martello/Martell,CN,tempus@egestas.com
227,true,Brett Page,Ap #467-5472 Gravida. St.,Ulyanovsk,IQ,at.augue.id@velmaurisInteger.co.uk
228,true,Kenneth Gross,Ap #282-1217 Nisi. Ave,Lake Cowichan,TG,Vivamus.euismod@Sed.edu
229,true,Raymond Norton,Ap #914-1968 Arcu. Rd.,Idaho Falls,PF,Sed.nunc.est@risusa.net
230,true,Lucas Collins,"P.O. Box 615, 2207 Urna. Street",Brussegem,TT,amet.risus.Donec@fringillaeuismod.net
231,true,Rafael Morrow,Ap #401-9629 Risus. Avenue,Daussoulx,TT,a@massaQuisqueporttitor.net
232,true,Brady Pierce,5776 Neque Rd.,Coihaique,MX,aliquet.odio@risusIn.com
233,true,Rafael Wyatt,7476 Aliquet Street,Bonn,KN,ut@Aenean.net
234,true,Price Rutledge,596-7121 Metus Ave,Baili vre,NO,ut.pharetra@mollisneccursus.edu
235,true,James Berger,699-6727 Orci Road,Chennai,KN,at@utquamvel.com
236,true,Allistair Warner,5121 Dui. St.,Marcq-en-Baroeul,KE,ultricies.adipiscing.enim@massaVestibulum.ca
237,true,Linus Fisher,"642-4881 Tincidunt, Rd.",Preore,LB,ut.quam@dolor.com
238,true,Cain Shaffer,Ap #294-4152 Enim Road,Strombeek-Bever,UZ,blandit.congue@condimentumDonec.ca
239,true,Lucius Harvey,Ap #446-1569 Natoque Rd.,Butte,PG,nisl.Quisque.fringilla@interdum.org
240,true,Kaseem Osborn,Ap #519-8655 Metus Av.,Bargagli,HU,amet@egestasAliquamnec.net
241,true,Tyrone Bird,"Ap #742-4994 Est, Avenue",Russell,TM,odio@velitSedmalesuada.edu
242,true,Herrod Moore,182-4128 Turpis. Ave,Gentbrugge,GB,pharetra.Nam.ac@nonleo.com
243,true,Quentin Harvey,1448 Fringilla St.,Maip ,CG,a@orcisemeget.org
244,true,Amir Gould,830-8010 Ac Road,Zhukovka,EC,massa.Suspendisse@aptenttaciti.edu
245,true,Wylie Boone,729-2090 Malesuada. St.,Hines Creek,VU,Cras.sed.leo@ametdiameu.org
246,true,Ciaran Oneill,Ap #883-3499 Vitae St.,Dolgellau,MG,sodales@Utsemper.ca
247,true,Josiah Head,857-8165 Curabitur Road,Pak Pattan,SR,Fusce.mi@Nullam.net
248,true,Merritt Wiggins,245-5350 Feugiat St.,Monte Vidon Corrado,CI,tellus.justo.sit@fermentum.ca
249,true,Herrod Brennan,Ap #984-9555 Scelerisque Road,Jasper,JE,arcu.Vestibulum.ante@sodalesMauris.net
250,true,Brent Langley,Ap #932-6427 Pharetra. St.,Atlanta,NL,nulla.vulputate.dui@amet.com
251,true,Tyrone Thomas,"2956 Vel, Rd.",Monghidoro,WS,pede.ultrices@Vestibulumuteros.net
252,true,Valentine Morrow,1603 Ante Avenue,Guarapuava,UA,Cum.sociis@Vivamusmolestie.co.uk
253,true,Brian Wiggins,592-5812 Ornare St.,Curarrehue,HT,egestas.a.scelerisque@ipsumporta.co.uk
254,true,Aristotle Coffey,371 Nibh. St.,Cassaro,CV,ut@cursusa.com
255,true,Blaze Shaw,"P.O. Box 423, 7790 Nibh. St.",Gatchina,IL,Donec.est@purusNullamscelerisque.edu
256,true,Palmer David,Ap #153-9458 Convallis Av.,Lillois-Witterz_e,CN,magna.Phasellus.dolor@pede.org
257,true,Valentine Bolton,1656 Nullam Rd.,Chimbote,LR,Suspendisse@Cum.co.uk
258,true,Logan Farrell,1412 Adipiscing St.,Pangnirtung,PK,tempor.diam@mieleifendegestas.co.uk
259,true,Nathaniel Sampson,"P.O. Box 226, 384 Mauris Ave",Camet ,KN,nisl@ornarefacilisis.ca
260,true,Erich Noble,"P.O. Box 106, 3346 Vestibulum St.",Nizhny,TO,odio@sem.edu
261,true,Wang Keller,"P.O. Box 299, 2576 Ullamcorper. Street",Rocca Santo Stefano,JE,nec@aliquam.ca
262,true,Rafael Beasley,Ap #986-5004 Eu St.,Santu Lussurgiu,RE,a@ornareInfaucibus.co.uk
263,true,Mohammad Mcintyre,503-565 Lobortis St.,Trujillo,TD,sit.amet.risus@morbi.net
264,true,Judah Barlow,4870 Nonummy. Road,Villers-la-Bonne-Eau,LT,placerat.augue@Vivamusmolestie.net
265,true,Emmanuel Bowers,Ap #520-8585 Sociis Av.,Sacramento,RS,sit.amet@accumsanconvallisante.net
266,true,Yardley William,"P.O. Box 812, 1344 Aenean Ave",Akola,LK,vitae@lobortisaugue.edu
267,true,Aaron Barry,1058 Dolor. Road,Masullas,KR,nec@liberolacus.org
268,true,Raja Maldonado,"P.O. Box 687, 8748 Congue St.",Uttarpara-Kotrung,TN,et@diam.edu
269,true,Ezra Savage,Ap #245-6316 A St.,Santa Marina,MV,sapien.Nunc.pulvinar@dignissimlacus.net
270,true,Rigel Conrad,508-5982 Libero St.,Maiolati Spontini,AW,egestas.Duis.ac@vitaesodales.net
271,true,Devin Chen,"P.O. Box 712, 8002 At, Avenue",Seevetal,NP,ipsum.Suspendisse@malesuadaiderat.co.uk
272,true,Sylvester Valenzuela,Ap #538-9791 Erat Ave,Cavallino,FJ,commodo.auctor.velit@nonummyacfeugiat.net
273,true,Nathan Waller,Ap #136-4123 Ut St.,Warren,SH,dapibus.gravida@Sed.edu
274,true,Timothy Medina,"P.O. Box 483, 8120 Tincidunt Av.",Essex,SH,turpis@enimsitamet.ca
275,true,Rudyard Reynolds,"499-7661 Amet, Avenue",Oliver,GH,erat.vel.pede@pedeblandit.ca
276,true,Nissim Casey,1887 Nascetur St.,Rotorua,ZW,quis.massa@mieleifend.org
277,false,Kirk Morton,"P.O. Box 828, 953 Molestie St.",San Martino in Badia/St. Martin in Thurn,CO,nulla@nequesedsem.com
278,true,Slade Bradley,Ap #784-7476 Eget Street,Inuvik,PG,rhoncus@Cras.org
279,true,Tiger Barton,Ap #180-361 Ut Avenue,Ipswich,KH,Donec@cursus.com
280,true,Benedict Buck,609-5313 Justo St.,Schoonaarde,IN,tristique@maurisblandit.net
281,true,Reese Drake,792-5480 Ac Avenue,Coquitlam,FM,purus@atfringilla.net
282,true,Carter Goodman,Ap #663-3343 Libero Av.,Arviat,MA,libero.at.auctor@massarutrummagna.com
283,true,Wesley Cook,656-8687 Hendrerit Road,Dalkeith,TJ,pede@litoratorquentper.net
284,true,Caldwell Castillo,483 Consectetuer Rd.,Fontanellato,LB,fringilla.ornare.placerat@luctussit.co.uk
285,true,Hiram Acevedo,362-2974 Massa. Avenue,Naninne,VE,lorem.ac.risus@interdumNunc.org
286,true,Reese Kidd,8567 Varius St.,Marbaix,TN,vitae.aliquam.eros@felis.edu
287,true,Kaseem Gibbs,"P.O. Box 869, 1210 Rhoncus. Avenue",Valleyview,GT,ac.tellus.Suspendisse@Quisqueliberolacus.edu
288,true,Prescott Faulkner,906 Mattis Rd.,Montalto Uffugo,TD,mus@fermentum.co.uk
289,true,Clarke Hensley,Ap #715-3278 Gravida Ave,Castello di Godego,GI,Integer@sociis.net
290,true,Ray Mcgee,"P.O. Box 240, 9405 Conubia Av.",Belfast,LS,ut@dapibus.edu
291,true,Demetrius Heath,Ap #109-7958 Venenatis Avenue,Trochu,IT,Donec@ornareliberoat.ca
292,true,Solomon Burks,391-5218 Arcu. Avenue,Noisy-le-Grand,KW,ipsum@Nullamsuscipitest.ca
293,true,Emery Farrell,Ap #379-8044 Nec St.,Saint-L ,AL,Donec.porttitor@rhoncusidmollis.net
294,true,Rudyard Bryan,570-8186 Diam Rd.,Mont-Saint-Guibert,MX,Aliquam@utlacus.net
295,true,Slade Myers,"616-4782 Nec, Av.",Machelen,MG,Sed@arcuCurabiturut.edu
296,true,Donovan Singleton,8532 Nam St.,Midway,ST,penatibus.et@mollisPhaselluslibero.net
297,true,Edan Scott,"P.O. Box 506, 2195 Fringilla. Avenue",Mascalucia,PR,ornare@aliquetProinvelit.com
298,true,Lucius Lawson,363-9191 Maecenas Ave,Mildura,MT,mauris.sapien@fringillaornare.edu
299,true,Knox Vinson,Ap #551-3258 Phasellus Av.,Bon Accord,HN,tellus.Phasellus.elit@interdum.com
300,true,Joseph Trujillo,4527 Nulla Ave,Kerkhove,CM,In@tinciduntpede.edu
301,true,Keaton Hill,"P.O. Box 234, 4214 Pulvinar Road",Pagazzano,AU,orci.lacus.vestibulum@morbitristique.org
302,true,Salvador Pena,981-2829 Aliquam Road,Ede,PF,erat.vitae@malesuadaut.net
303,true,Bradley Le,357-8681 Mollis Rd.,Rueglio,CD,est.Mauris.eu@porttitorerosnec.co.uk
304,true,Stone Giles,Ap #512-9491 Ultricies St.,Didim,CO,natoque@egestasAliquam.edu
305,true,Hu Pitts,Ap #870-2877 Taciti Av.,Birmingham,NR,dolor@tinciduntnuncac.ca
306,true,Joseph Stanley,4593 Adipiscing. Rd.,Cannalonga,GI,felis.ullamcorper.viverra@Sedcongueelit.net
307,true,Aidan Orr,177-840 Magna Rd.,Kircudbright,ZM,nostra.per@bibendum.net
308,true,Tanek Higgins,3227 Ultricies Ave,Trollh ttan,NZ,et.ultrices@commodoipsum.co.uk
309,true,George Montoya,366-5700 Sit Avenue,San Cesario di Lecce,KW,aliquam.arcu.Aliquam@et.org
310,true,Preston Nunez,Ap #255-3329 Velit. Ave,Anseong,GH,ornare.elit@molestiesodales.co.uk
311,true,Elvis Bush,5525 Cum Ave,Llanwrtwd Wells,HU,quis.pede@lorem.com
312,true,Ivor Rodgers,8496 Quisque Ave,Bolshevo,RE,luctus.felis@at.net
313,true,Ali Jackson,"P.O. Box 254, 3711 Dictum Street",Austin,VE,malesuada@elit.com
314,true,Jelani Cooke,"P.O. Box 504, 7413 Non, Av.",Schwedt,AI,fringilla.mi@dolor.edu
315,true,Curran Holman,"P.O. Box 900, 6595 Et Avenue",Aizwal,TC,Quisque.ornare.tortor@elitAliquamauctor.co.uk
316,true,Reece Fuller,Ap #153-8544 Dui. Avenue,Vegreville,ZM,sociis.natoque.penatibus@disparturient.com
317,true,Joel Stone,329-5898 Elementum St.,Henderson,TZ,lorem@ornaretortorat.net
318,true,Jameson Rowe,7955 Sed St.,Nemi,LY,gravida.Praesent.eu@nibhPhasellusnulla.org
319,true,Reese Richards,"P.O. Box 632, 7682 Orci, Street",Taldom,GE,magnis@actellusSuspendisse.ca
320,true,Barclay Dyer,"P.O. Box 986, 7843 Porttitor Street",Sint-Pieters-Leeuw,FJ,sed@montesnascetur.net
321,true,Oren Zamora,"P.O. Box 828, 9305 Nisi Av.",Zaria,NI,Duis.sit.amet@Phasellus.net
322,true,Dorian Thompson,8001 Eu Avenue,Geraldton-Greenough,PT,lobortis.risus.In@justoeuarcu.co.uk
323,true,Tyler Odonnell,2420 Eu Street,Wieze,BF,molestie@Nulla.net
324,true,Adrian Kerr,"Ap #330-3463 Mauris, Rd.",Sars-la-Buissi re,BG,a@dolorsitamet.org
325,true,Arthur Benjamin,Ap #557-8903 Hendrerit. Ave,Miramichi,OM,nunc.id@nullaIntegervulputate.net
326,true,Chaim Wooten,"8347 Montes, Road",Castelluccio Inferiore,KR,metus@quis.org
327,true,Valentine Livingston,Ap #449-1784 Interdum Street,Kolhapur,RU,malesuada.id@in.edu
328,true,Prescott Mccall,4053 A St.,Neerglabbeek,MS,elit@euismodmauris.co.uk
329,true,Charles Clark,490-1228 Est. Rd.,Solapur,CZ,enim@ornare.ca
330,true,Seth Petty,"P.O. Box 481, 6702 Hendrerit St.",Yorkton,GQ,magna@neceuismodin.edu
331,true,Xander Joyner,Ap #480-5099 Habitant Road,Salisbury,SD,tellus.Suspendisse@consequat.net
332,true,Kamal Blevins,Ap #529-155 Facilisis St.,Meerdonk,KY,mauris@a.ca
333,true,Walker Ballard,183-1221 Dictum. St.,Piovene Rocchette,BG,vitae.dolor.Donec@dictumeleifendnunc.co.uk
334,true,Joshua Kinney,Ap #590-3265 Est Rd.,Poggio Berni,YE,Nunc.quis@Duisatlacus.com
335,true,Brody Kent,"P.O. Box 654, 3191 Volutpat Ave",Mardan,MH,cubilia.Curae@egestasnunc.org
336,true,Silas Reeves,"P.O. Box 452, 9561 Pede. Road",Rixensart,BR,mattis.ornare.lectus@porttitorscelerisqueneque.co.uk
337,true,Hedley Harmon,Ap #857-6308 In St.,Herenthout,QA,Cras@luctussit.co.uk
338,true,Wyatt Dyer,784-6613 Ut Road,Jeju,AZ,tellus@placeratvelit.co.uk
339,true,Ignatius Hanson,Ap #418-9787 Lacus. Street,Bientina,SN,Fusce@enim.net
340,true,Leo Moran,676-3399 Magna Ave,Owerri,DM,conubia.nostra@odio.ca
341,true,Donovan Salazar,"457-3195 Montes, Street",San Donato di Ninea,CF,ac.feugiat@consequatdolorvitae.edu
342,true,Ryan Davenport,"P.O. Box 931, 552 Eget Rd.",Cambridge,NO,ornare@pede.edu
343,true,Merrill Wooten,192-3132 Rutrum. St.,Queenstown,SR,Cum.sociis@metus.edu
344,true,Ulysses England,2780 Egestas Ave,Vergnies,AM,imperdiet.dictum.magna@semNulla.co.uk
345,false,Victor Zamora,"Ap #494-167 Elementum, St.",Oelegem,ZM,metus@neceleifendnon.com
346,true,Nasim Collins,"473 Pede, Road",Minto,SC,nunc@pellentesqueSed.edu
347,true,Brody Dunlap,"P.O. Box 703, 9396 Auctor. Avenue",Girifalco,LS,Nunc.mauris.sapien@nisisem.co.uk
348,true,Deacon Haney,9985 Ante Rd.,New Radnor,MN,et.euismod@rhoncus.edu
349,true,Basil Poole,Ap #566-9306 At Ave,Cuccaro Vetere,SC,vel.pede@primis.net
350,true,Tad Pace,Ap #221-8179 Ultricies St.,Sherbrooke,FR,at.velit@cursus.net
351,true,Burton Key,360 Donec Rd.,Aubagne,PG,ac.mattis.ornare@vitaepurus.edu
352,true,Alan Chang,1052 Amet Road,Troitsk,AS,senectus.et.netus@ametnullaDonec.edu
353,true,Ashton Boyle,"6129 Id, Rd.",Neunkirchen,MT,pellentesque@odio.net
354,true,Timothy Black,"P.O. Box 641, 7995 Nunc St.",Deline,AF,ante.ipsum.primis@volutpat.ca
355,true,Wade Romero,547-7737 Sed St.,Smolensk,US,Quisque.ac@liberoDonec.org
356,true,Axel Lowe,"P.O. Box 481, 2937 Faucibus St.",Meridian,SM,penatibus@euturpis.com
357,true,Quentin Kidd,"3199 Nec, Road",Bedford,AF,mauris@massaInteger.edu
358,true,Amery Hanson,"P.O. Box 864, 3035 Facilisis St.",Attert,KE,ante@adipiscingMauris.com
359,true,Hedley Dodson,Ap #787-6501 In Road,Saint-Mard,BE,convallis@et.com
360,true,Declan Orr,203-7694 Mauris Rd.,San Fratello,TM,Nulla.facilisi.Sed@Quisqueporttitor.edu
361,true,Tyrone Caldwell,111-5320 Adipiscing St.,Grand Island,FO,enim.Etiam.gravida@temporeratneque.ca
362,true,Cadman Whitley,746 Magna Rd.,Ambresin,SM,quam.dignissim@facilisis.co.uk
363,true,Fritz Ray,"573-882 Nec, St.",Siddi,CR,neque@Sedmalesuadaaugue.net
364,true,Wayne Riley,"P.O. Box 673, 3175 Dolor. Av.",Priero,KW,mauris.sit@quisdiam.edu
365,true,Curran Vaughan,8324 Vel Rd.,Camrose,PY,auctor.non@dictumsapienAenean.ca
366,true,Reece Molina,833 Commodo Rd.,Redlands,ZA,sapien@quis.edu
367,true,Caleb Tate,129-7454 Venenatis Road,Riosucio,LI,velit.justo.nec@Aliquamvulputate.edu
368,true,Fuller Ball,Ap #559-9163 Egestas. Rd.,Pocheon,NL,et@tincidunt.co.uk
369,true,Davis Hartman,7060 Urna. Road,Barra do Corda,MY,Nam.consequat@magnaatortor.edu
370,true,Keane Rich,"P.O. Box 493, 3140 Dolor, Av.",Barrie,KG,Pellentesque.habitant.morbi@malesuadaaugue.com
371,true,Clinton Parks,1096 Integer Rd.,Blue Mountains,SM,Nunc@erat.ca
372,true,Leroy Welch,"P.O. Box 146, 5407 A, Road",Louisville,TV,feugiat@diam.ca
373,true,Hasad Burris,"4269 Elementum, Street",Mianwali,SE,tincidunt.nunc.ac@aliquetodio.com
374,true,Arden Noble,Ap #132-5885 Justo. Rd.,Wimmertingen,MR,imperdiet.ullamcorper.Duis@atauctorullamcorper.co.uk
375,true,Bernard Petty,Ap #779-759 Mauris Rd.,Lisciano Niccone,SH,nisi@sit.org
376,true,Palmer Pope,"P.O. Box 816, 9182 Dictum. Av.",Loreto,AW,primis.in.faucibus@ultricesDuisvolutpat.edu
377,true,Jermaine Townsend,Ap #285-1562 Tincidunt Street,Nasirabad,GW,placerat@ultricies.net
378,true,Grant Lott,823-3049 Placerat. Av.,Nives,BY,Quisque@ut.ca
379,true,Chester Foster,3615 Eget Rd.,Lambayeque,GG,malesuada.ut@sapien.org
380,true,Omar Maldonado,626-3495 Tortor. Road,Braives,BE,lacus.Quisque@consectetuer.co.uk
381,true,Zachery Bender,4976 Egestas. Av.,Valley East,ER,Integer.aliquam.adipiscing@mauris.ca
382,true,Salvador Greene,276-3396 Facilisis Street,B ziers,PA,at.pretium@magnisdisparturient.com
383,true,Harrison Rosales,Ap #362-9289 Magna. Avenue,Houston,BY,imperdiet.ullamcorper@euismodmauris.org
384,false,Abbot Hayes,"P.O. Box 407, 8160 Nec Street",Barranca,GI,Quisque.ac@egestasadui.net
385,true,Ulric Abbott,"558-690 Elementum, Avenue",Castel San Niccol ,GR,justo.faucibus@Nunc.com
386,true,Ferdinand Campbell,"6032 Non, Avenue",Velsk,KZ,nec.ante.Maecenas@nequeInornare.com
387,true,Nero Mitchell,"P.O. Box 511, 5486 Elementum, Avenue",LaSalle,FI,pede.malesuada.vel@enim.org
388,true,Victor Albert,454-7193 Tincidunt Rd.,Branchon,CA,ullamcorper.nisl@sitametorci.net
389,true,Eagan Carey,382-2911 Nunc St.,Palakkad,SA,non.luctus@Duismi.ca
390,true,Travis Manning,9248 Elit. Av.,Dresden,BS,non@nunc.edu
391,true,Kyle Gillespie,Ap #725-3835 Ultrices St.,Yurzhnouralsk,NP,urna.justo@nullavulputate.org
392,true,Wade Waters,626-1714 Lacus Street,Salamanca,PA,egestas.urna@nonummyut.edu
393,true,Evan Leach,915-6048 Nunc Rd.,Campbelltown,GE,lacus.Cras@est.edu
394,true,Lucian Watkins,448-8457 Dapibus Road,Carunchio,IQ,sed.pede@sociisnatoquepenatibus.com
395,true,Howard Vargas,"P.O. Box 468, 8990 Semper St.",Pangkalpinang,BS,velit.egestas@dui.ca
396,true,Gabriel Cabrera,893-8895 Lacinia St.,Labico,BI,justo@eusem.ca
397,true,Upton Avila,277-2012 Aliquet Ave,Fort Laird,SB,accumsan.convallis.ante@vestibulum.com
398,true,Dorian Farmer,918-2741 Semper Avenue,H_villers,PK,mauris@metusAliquam.org
399,true,Philip Nolan,"P.O. Box 159, 4292 Turpis Street",Cessnock,SC,gravida@semperNam.org
400,true,Carter Burke,342-2129 Nam Ave,Banjarmasin,NA,Mauris@Duismi.ca
